ROW,COLUMN,REAL,IMAGINARY
0,0,1.000000,0.000000
2,0,1.000000,0.000000
1,1,2.000000,5.000000
1,2,4.000000,9.000000
2,2,1.000000,2.000000
